{"initial_reset_timestamp": 1619835917.6197004, "timestamps": [1619835917.6219127, 1619835917.624821, 1619835917.631643, 1619835917.6331584, 1619835917.6349075], "episode_lengths": [17, 26, 63, 14, 15], "episode_rewards": [17.0, 26.0, 63.0, 14.0, 15.0], "episode_types": ["t", "t", "t", "t", "t"]}